-2245.512935,-625.275579,-404.967700,0.019848,-0.009888,12065070.000000,224749993984.000000,0
-2245.512935,-625.275579,-404.967700,-0.000239,-0.023323,12001271.000000,224749993984.000000,0
-2245.512935,-625.275579,-404.967700,0.005969,-0.014794,12065070.000000,224250003456.000000,1
-2245.512935,-625.275579,-404.967700,-0.003359,-0.009349,12001271.000000,224250003456.000000,1
-2245.512935,-625.275579,-404.967700,-0.011006,-0.024791,12065070.000000,223749996544.000000,2
-2245.512935,-625.275579,-404.967700,-0.003334,-0.012453,12001271.000000,223749996544.000000,2
-2245.512935,-625.275579,-404.967700,-0.011025,-0.030222,12065070.000000,223250006016.000000,3
-2245.512935,-625.275579,-404.967700,-0.013623,-0.028793,12001271.000000,223250006016.000000,3
2532.096378,-2918.324430,-2675.440413,-0.010072,-0.004509,13042176.000000,224749993984.000000,0
2532.096378,-2918.324430,-2675.440413,-0.012755,0.006682,13798244.000000,224749993984.000000,0
